{
  "project_info": {
    "project_number": "17075891318",
    "firebase_url": "https://jobcore-1c01d.firebaseio.com",
    "project_id": "jobcore-1c01d",
    "storage_bucket": "jobcore-1c01d.appspot.com"
  },
  "client": [
    {
      "client_info": {
        "mobilesdk_app_id": "1:17075891318:android:90be1a75d15a03d2",
        "android_client_info": {
          "package_name": "co.jobcore.talent"
        }
      },
      "oauth_client": [
        {
          "client_id": "17075891318-ta8bf4kvejupqm2jhkjup89outj5ej39.apps.googleusercontent.com",
          "client_type": 3
        }
      ],
      "api_key": [
        {
          "current_key": "AIzaSyAGkGlVx9qYXfWgkTPR06VyLNvmOg7L6as"
        }
      ],
      "services": {
        "appinvite_service": {
          "other_platform_oauth_client": [
            {
              "client_id": "17075891318-ta8bf4kvejupqm2jhkjup89outj5ej39.apps.googleusercontent.com",
              "client_type": 3
            },
            {
              "client_id": "17075891318-m06emfuelonkg33avrh7qsda8l3epqd1.apps.googleusercontent.com",
              "client_type": 2,
              "ios_info": {
                "bundle_id": "co.jobcore.talent"
              }
            }
          ]
        }
      }
    }
  ],
  "configuration_version": "1"
}